{"dataset_name": "hardware", "mean": {"0": -7.506397513855235, "1": -0.13651441018288638, "2": 1.4726258917006838, "3": 0.03656351562635097, "4": -0.03041350171367081, "5": -0.007856608220882098}, "std": {"0": 6.852283655120467, "1": 4.355438269986524, "2": 4.345301581810305, "3": 0.8117820100902009, "4": 0.7451895955906354, "5": 0.5781374511162998}}