{"dataset_name": "hardware", "mean": {"0": -6.628909472472658, "1": 0.09481935329620955, "2": 1.097318312910783, "3": 0.009083858606155005, "4": -0.012106622312552376, "5": 0.0016393699025579634}, "std": {"0": 6.558943263091335, "1": 5.008270006281366, "2": 4.966594868237399, "3": 0.7323544442720824, "4": 0.6756877578817985, "5": 0.6268223980681621}}