{"dataset_name": "UCI", "mean": {"0": 0.0005739068556527621, "1": -6.188315269644855e-05, "2": 0.00016914305218569553, "3": 0.007685313434058824, "4": -0.0036505741892745736, "5": -0.005697060572200781, "6": 0.8100254209356267, "7": 0.0191012355377197, "8": 0.07070492691843985}, "std": {"0": 0.19556230087002371, "1": 0.1277878284201902, "2": 0.10316915443090577, "3": 0.4445625465179553, "4": 0.41230313396069446, "5": 0.30430311844724356, "6": 0.4022098841795358, "7": 0.41860727301207856, "8": 0.34010730153093244}}