{"dataset_name": "UCI_AUG", "mean": {"0": 0.001345670480149474, "1": -0.00013000874864842684, "2": -0.00041566184861733266, "3": 0.007138799804433463, "4": -0.006053966712795778, "5": 0.0007186342723024652, "6": 0.6401401189458299, "7": 0.03612585451313256, "8": 0.06128128988070632}, "std": {"0": 0.17615310130693113, "1": 0.12623192861846888, "2": 0.10861819713362647, "3": 0.4851724986199876, "4": 0.4634493403789966, "5": 0.4031603892531534, "6": 0.5309837965145628, "7": 0.47179439247088917, "8": 0.42098755574887897}}